<?xml version="1.0" encoding="UTF-8"?>
<con:soapui-project id="d09f2bdf-2934-46e2-93f6-6d12491b9702" activeEnvironment="Default" name="REST Project 1" resourceRoot="${projectDir}" soapui-version="5.3.0" abortOnError="false" runType="SEQUENTIAL" xmlns:con="http://eviware.com/soapui/config"><con:settings/><con:interface xsi:type="con:RestService" id="f8831bab-cfe7-43f3-8c64-4349c35f0b30" wadlVersion="http://wadl.dev.java.net/2009/02" name="http://localhost:8080" type="rest" xmlns:xsi="http://www.w3.org/2001/XMLSchema-instance"><con:settings/><con:definitionCache type="TEXT" rootPart=""/><con:endpoints><con:endpoint>http://localhost:8080</con:endpoint></con:endpoints><con:resource name="Drones" path="/restdroneservice/drones/" id="d580ef82-c9e9-4057-909e-24715a9eaf0b"><con:settings/><con:parameters/><con:resource name="{droneId}" path="{droneId}" id="b18de7f6-a5a3-450a-b2c0-dbc2f6260720"><con:settings/><con:parameters><con:parameter><con:name>droneId</con:name><con:value>droneId</con:value><con:style>TEMPLATE</con:style><con:default>droneId</con:default></con:parameter></con:parameters><con:method name="Method 1" id="17d13436-218c-4986-ba30-0676f9d0e474" method="GET"><con:settings/><con:parameters/><con:representation type="FAULT"><con:mediaType>text/html;charset=utf-8</con:mediaType><con:status>404</con:status><con:params/><con:element>html</con:element></con:representation><con:representation type="RESPONSE"><con:mediaType>application/json</con:mediaType><con:status>200</con:status><con:params/><con:element xmlns:ns="http://localhost/restdroneservice/drones/12345/12345">ns:Response</con:element></con:representation><con:representation type="RESPONSE"><con:mediaType xsi:nil="true"/><con:status>204</con:status><con:params/><con:element>data</con:element></con:representation><con:request name="getDrone" id="6ab82512-4497-4fbf-bb10-f7248e2d080c" mediaType="application/json"><con:settings><con:setting id="com.eviware.soapui.impl.wsdl.WsdlRequest@request-headers">&lt;xml-fragment/></con:setting></con:settings><con:endpoint>http://localhost:8080</con:endpoint><con:request/><con:originalUri>http://localhost/restdroneservice/drones/12345/12345</con:originalUri><con:credentials><con:authType>No Authorization</con:authType></con:credentials><con:jmsConfig JMSDeliveryMode="PERSISTENT"/><con:jmsPropertyConfig/><con:parameters><entry key="droneId" value="1" xmlns="http://eviware.com/soapui/config"/></con:parameters></con:request></con:method><con:method name="Method 2" id="55f852f4-6619-4c0b-b728-50e3f5c00b64" method="DELETE"><con:settings/><con:parameters/><con:request name="Delete" id="8dc2988a-8df8-4a18-969e-6044c4abeb5c" mediaType="application/json" postQueryString="false"><con:settings><con:setting id="com.eviware.soapui.impl.wsdl.WsdlRequest@request-headers">&lt;xml-fragment/></con:setting></con:settings><con:endpoint>http://localhost:8080</con:endpoint><con:request/><con:credentials><con:authType>No Authorization</con:authType></con:credentials><con:jmsConfig JMSDeliveryMode="PERSISTENT"/><con:jmsPropertyConfig/><con:parameters><entry key="droneId" value="1" xmlns="http://eviware.com/soapui/config"/></con:parameters></con:request></con:method></con:resource><con:method name="Drones 1" id="1c98fbbf-4a14-4c07-a5a5-20d6a9f9ce0e" method="GET"><con:settings/><con:parameters/><con:representation type="FAULT"><con:mediaType>text/html;charset=utf-8</con:mediaType><con:status>500 415 404</con:status><con:params/><con:element>html</con:element></con:representation><con:representation type="REQUEST"><con:mediaType>application/json</con:mediaType><con:params/></con:representation><con:representation type="RESPONSE"><con:mediaType>application/json</con:mediaType><con:status>200</con:status><con:params/><con:element>Response</con:element></con:representation><con:representation type="REQUEST"><con:mediaType>application/x-www-form-urlencoded</con:mediaType><con:params/></con:representation><con:representation type="RESPONSE"><con:mediaType xsi:nil="true"/><con:status>0</con:status><con:params/><con:element>data</con:element></con:representation><con:request name="getDrones" id="8f616a2d-7b40-4c66-8ff4-003fc4a1d6ac" mediaType="application/json" postQueryString="false"><con:settings><con:setting id="com.eviware.soapui.impl.wsdl.WsdlRequest@request-headers">&lt;xml-fragment/></con:setting></con:settings><con:endpoint>http://localhost:8080</con:endpoint><con:request>{"droneId":123451, "motorFrame":"MotorFrame 0.1","motor":"Motor 8000", "transmitter":"Transmitter 9000","receiver":"Receiver 7000","propellers":"you know","numberOfPropellers":38, "batteries":"Wes-035"}</con:request><con:originalUri>http://localhost/restdroneservice/drones/</con:originalUri><con:credentials><con:authType>No Authorization</con:authType></con:credentials><con:jmsConfig JMSDeliveryMode="PERSISTENT"/><con:jmsPropertyConfig/><con:parameters/><con:parameterOrder/></con:request></con:method><con:method name="Method 2" id="3a212f7f-71a4-4a8a-8c16-47d2d9d304d8" method="PUT"><con:settings/><con:parameters/><con:representation type="REQUEST"><con:mediaType>application/json</con:mediaType><con:params/></con:representation><con:representation type="RESPONSE"><con:mediaType xsi:nil="true"/><con:status>204</con:status><con:params/><con:element>data</con:element></con:representation><con:representation type="RESPONSE"><con:mediaType>application/json</con:mediaType><con:status>200</con:status><con:params/><con:element xmlns:dron="http://localhost/restdroneservice/drones/">dron:Response</con:element></con:representation><con:request name="Put" id="ccf50162-2029-443a-a6db-a683edf790ef" mediaType="application/json" postQueryString="false"><con:settings><con:setting id="com.eviware.soapui.impl.wsdl.WsdlRequest@request-headers">&lt;xml-fragment/></con:setting></con:settings><con:endpoint>http://localhost:8080</con:endpoint><con:request>{
	"droneId": 1, 
	"motorFrame":"MotorFrame 0.1",
	"motor":"Motor 8000", 
	"transmitter":"Transmitter 9000",
	"receiver":"Receiver 7000",
	"propellers":"you know 038324",
	"numberOfPropellers":38, 
	"batteries":"Wes-038"
}</con:request><con:originalUri>http://localhost/restdroneservice/drones/</con:originalUri><con:credentials><con:authType>No Authorization</con:authType></con:credentials><con:jmsConfig JMSDeliveryMode="PERSISTENT"/><con:jmsPropertyConfig/><con:parameters/></con:request></con:method><con:method name="Method 3" id="33439113-9bf9-4cfc-a33e-ac306e89db5a" method="POST"><con:settings/><con:parameters/><con:representation type="RESPONSE"><con:mediaType>application/json</con:mediaType><con:status>200</con:status><con:params/><con:element xmlns:dron="http://localhost/restdroneservice/drones/">dron:Response</con:element></con:representation><con:representation type="REQUEST"><con:mediaType>application/json</con:mediaType><con:params/></con:representation><con:request name="Post" id="2127d258-fa2e-4a19-8ae3-054c942efaef" mediaType="application/json" postQueryString="false"><con:settings><con:setting id="com.eviware.soapui.impl.wsdl.WsdlRequest@request-headers">&lt;xml-fragment/></con:setting></con:settings><con:endpoint>http://localhost:8080</con:endpoint><con:request>{
	"motorFrame":"MotorFrame 0.1",
	"motor":"Motor 8000", 
	"transmitter":"Transmitter 9000",
	"receiver":"Receiver 7000",
	"propellers":"you know 038",
	"numberOfPropellers":38, 
	"batteries":"Wes-038"
}</con:request><con:credentials><con:authType>No Authorization</con:authType></con:credentials><con:jmsConfig JMSDeliveryMode="PERSISTENT"/><con:jmsPropertyConfig/><con:parameters/></con:request></con:method></con:resource></con:interface><con:testSuite id="645cb173-0b2d-4173-8d22-809c89a47d8f" name="RestDroneService Testsuite"><con:description>TestSuite generated for REST Service [http://localhost:8080]</con:description><con:settings/><con:runType>SEQUENTIAL</con:runType><con:testCase id="e11eeeb7-da89-4657-98e5-96841ef55278" failOnError="true" failTestCaseOnErrors="true" keepSession="false" maxResults="0" name="http://localhost:8080 TestSuite" searchProperties="true"><con:settings/><con:testStep type="restrequest" name="Drones" id="d4a51a02-01b1-4501-aea6-a90efa1ca4ee"><con:settings/><con:config service="http://localhost:8080" resourcePath="/restdroneservice/drones/" methodName="Drones 1" xsi:type="con:RestRequestStep" xmlns:xsi="http://www.w3.org/2001/XMLSchema-instance"><con:restRequest name="Drones" id="8f616a2d-7b40-4c66-8ff4-003fc4a1d6ac" mediaType="application/json" postQueryString="false"><con:settings><con:setting id="com.eviware.soapui.impl.wsdl.WsdlRequest@request-headers">&lt;xml-fragment/></con:setting></con:settings><con:endpoint>http://localhost:8080</con:endpoint><con:request>{"droneId":123451, "motorFrame":"MotorFrame 0.1","motor":"Motor 8000", "transmitter":"Transmitter 9000","receiver":"Receiver 7000","propellers":"you know","numberOfPropellers":38, "batteries":"Wes-035"}</con:request><con:originalUri>http://localhost/restdroneservice/drones/</con:originalUri><con:credentials><con:authType>No Authorization</con:authType></con:credentials><con:jmsConfig JMSDeliveryMode="PERSISTENT"/><con:jmsPropertyConfig/><con:parameters/><con:parameterOrder/></con:restRequest></con:config></con:testStep><con:testStep type="restrequest" name="Drones 1" id="13150878-dd4b-4502-9065-44c4506b4517"><con:settings/><con:config service="http://localhost:8080" resourcePath="/restdroneservice/drones/" methodName="Method 2" xsi:type="con:RestRequestStep" xmlns:xsi="http://www.w3.org/2001/XMLSchema-instance"><con:restRequest name="Drones 1" id="ccf50162-2029-443a-a6db-a683edf790ef" mediaType="application/json" postQueryString="false"><con:settings><con:setting id="com.eviware.soapui.impl.wsdl.WsdlRequest@request-headers">&lt;xml-fragment/></con:setting></con:settings><con:endpoint>http://localhost:8080</con:endpoint><con:request>{
	"droneId": 1, 
	"motorFrame":"MotorFrame 0.1",
	"motor":"Motor 8000", 
	"transmitter":"Transmitter 9000",
	"receiver":"Receiver 7000",
	"propellers":"you know 038324",
	"numberOfPropellers":38, 
	"batteries":"Wes-038"
}</con:request><con:originalUri>http://localhost/restdroneservice/drones/</con:originalUri><con:credentials><con:authType>No Authorization</con:authType></con:credentials><con:jmsConfig JMSDeliveryMode="PERSISTENT"/><con:jmsPropertyConfig/><con:parameters/></con:restRequest></con:config></con:testStep><con:testStep type="restrequest" name="Drones 2" id="f9e19194-42d4-4191-9599-14879f7312ac"><con:settings/><con:config service="http://localhost:8080" resourcePath="/restdroneservice/drones/" methodName="Method 3" xsi:type="con:RestRequestStep" xmlns:xsi="http://www.w3.org/2001/XMLSchema-instance"><con:restRequest name="Drones 2" id="2127d258-fa2e-4a19-8ae3-054c942efaef" mediaType="application/json" postQueryString="false"><con:settings><con:setting id="com.eviware.soapui.impl.wsdl.WsdlRequest@request-headers">&lt;xml-fragment/></con:setting></con:settings><con:endpoint>http://localhost:8080</con:endpoint><con:request>{
	"motorFrame":"MotorFrame 0.1",
	"motor":"Motor 8000", 
	"transmitter":"Transmitter 9000",
	"receiver":"Receiver 7000",
	"propellers":"you know 038",
	"numberOfPropellers":38, 
	"batteries":"Wes-038"
}</con:request><con:originalUri>http://localhost/restdroneservice/drones/</con:originalUri><con:credentials><con:authType>No Authorization</con:authType></con:credentials><con:jmsConfig JMSDeliveryMode="PERSISTENT"/><con:jmsPropertyConfig/><con:parameters/></con:restRequest></con:config></con:testStep><con:testStep type="restrequest" name="{droneId}" id="8604f142-e748-42f7-a4cb-cb434e887b3a"><con:settings/><con:config service="http://localhost:8080" resourcePath="/restdroneservice/drones/{droneId}" methodName="Method 1" xsi:type="con:RestRequestStep" xmlns:xsi="http://www.w3.org/2001/XMLSchema-instance"><con:restRequest name="{droneId}" id="6ab82512-4497-4fbf-bb10-f7248e2d080c" mediaType="application/json"><con:settings><con:setting id="com.eviware.soapui.impl.wsdl.WsdlRequest@request-headers">&lt;xml-fragment/></con:setting></con:settings><con:endpoint>http://localhost:8080</con:endpoint><con:request/><con:originalUri>http://localhost/restdroneservice/drones/12345/12345</con:originalUri><con:credentials><con:authType>No Authorization</con:authType></con:credentials><con:jmsConfig JMSDeliveryMode="PERSISTENT"/><con:jmsPropertyConfig/><con:parameters><entry key="droneId" value="1" xmlns="http://eviware.com/soapui/config"/></con:parameters></con:restRequest></con:config></con:testStep><con:testStep type="restrequest" name="{droneId} 1" id="06c4a80f-34a4-4ed3-b6b9-6d9a8e9e9314"><con:settings/><con:config service="http://localhost:8080" resourcePath="/restdroneservice/drones/{droneId}" methodName="Method 2" xsi:type="con:RestRequestStep" xmlns:xsi="http://www.w3.org/2001/XMLSchema-instance"><con:restRequest name="{droneId} 1" id="8dc2988a-8df8-4a18-969e-6044c4abeb5c" mediaType="application/json" postQueryString="false"><con:settings><con:setting id="com.eviware.soapui.impl.wsdl.WsdlRequest@request-headers">&lt;xml-fragment/></con:setting></con:settings><con:endpoint>http://localhost:8080</con:endpoint><con:request/><con:originalUri>http://localhost/restdroneservice/drones/1</con:originalUri><con:credentials><con:authType>No Authorization</con:authType></con:credentials><con:jmsConfig JMSDeliveryMode="PERSISTENT"/><con:jmsPropertyConfig/><con:parameters><entry key="droneId" value="1" xmlns="http://eviware.com/soapui/config"/></con:parameters></con:restRequest></con:config></con:testStep><con:properties/></con:testCase><con:properties/></con:testSuite><con:properties/><con:wssContainer/><con:oAuth2ProfileContainer/><con:oAuth1ProfileContainer/><con:sensitiveInformation/></con:soapui-project>